 ,x1,y1,x2,y2,A,sigma_A,B,sigma_B
1,350,68.11038,412,9200.09373,-51483.40849,591.28056,147.29005,1.55224
2,412,8696.86929,429,8836.23338,5319.33950,6171.25626,8.19789,14.69247
3,429,8677.98003,474,15120.62966,-52741.94644,1091.81877,143.16999,2.41988
4,474,15351.24633,530,10919.48696,52862.92389,779.47132,-79.13856,1.55347
5,530,10392.98377,571,13300.36678,-27190.25999,1208.45853,70.91178,2.19669
6,571,12978.25750,648,23612.16828,-65878.40549,539.80313,138.10274,0.88579
7,648,23502.55267,682,23014.55148,32803.28119,2303.51350,-14.35298,3.46616
8,682,22736.39734,740,22717.31431,22960.78755,1162.24914,-0.32902,1.63536
